{
    "mse": 0.03782284954785457,
    "rmse": 0.1944809747709389,
    "null_degrees_of_freedom": 8328,
    "residual_degrees_of_freedom": 8322,
    "residual_deviance": 2232.4709948711493,
    "null_deviance": 5883.564027908592,
    "aic": 2246.4709948711493,
    "logloss": 0.13401794902576236,
    "auc": 0.9768820464844354,
    "gini": 0.9537640929688709
}
