{
    "mse": 0.04618555699209782,
    "rmse": 0.21490825249882292,
    "null_degrees_of_freedom": null,
    "residual_degrees_of_freedom": null,
    "residual_deviance": null,
    "null_deviance": null,
    "logloss": 0.1516447412932901,
    "auc": 0.9629742725410441,
    "gini": 0.9259485450820881
}
