{
    "mse": 0.030124437661348986,
    "rmse": 0.17356392960908953,
    "null_degrees_of_freedom": 8353,
    "residual_degrees_of_freedom": 8346,
    "residual_deviance": 1916.8439214482742,
    "null_deviance": 5935.014266832367,
    "aic": 1932.8439214482742,
    "logloss": 0.1147261145228797,
    "auc": 0.9846114510737152,
    "gini": 0.9692229021474303
}
