{
    "algo": "glm",
    "model_id": "GLM_grid_0_AutoML_20190414_165814_model_0",
    "coef": {
        "Intercept": -247.45442553270152,
        "job.admin.": 0.06766307495598559,
        "job.blue-collar": -0.17459726493585595,
        "job.entrepreneur": 0.010502300257853325,
        "job.housemaid": -0.03861251776480746,
        "job.management": 0.043788207865825456,
        "job.retired": 0.32283280186828317,
        "job.self-employed": -0.08980280549944009,
        "job.services": -0.1334230115189897,
        "job.student": 0.1590555754189604,
        "job.technician": 0.04065516479403617,
        "job.unemployed": 0.011823604816264781,
        "job.unknown": -0.22687404734879635,
        "month.apr": -0.265590466069406,
        "month.aug": 0.6471861175880036,
        "month.dec": -0.006801929098540485,
        "month.jul": -0.09456690575068481,
        "month.jun": -0.8126503982287043,
        "month.mar": 1.7926982139992276,
        "month.may": -0.6767772865093279,
        "month.nov": -0.6755106277537659,
        "month.oct": -0.08740730038240635,
        "month.sep": 0.23868288873607785,
        "education.basic.4y": -0.19631100528303216,
        "education.basic.6y": 0.03273647167634346,
        "education.basic.9y": -0.11764157978568367,
        "education.high.school": -0.07365207995412884,
        "education.illiterate": 0.5704994910685255,
        "education.professional.course": -0.060995718310361074,
        "education.university.degree": 0.011641461176910098,
        "education.unknown": -0.03780179967390229,
        "day_of_week.fri": -0.002319520872176096,
        "day_of_week.mon": -0.18954765512287974,
        "day_of_week.thu": 0.057052819966628504,
        "day_of_week.tue": 0.09986895187144007,
        "day_of_week.wed": 0.13379426247937168,
        "marital.divorced": 0.03986390618895211,
        "marital.married": 0.04206145868421066,
        "marital.single": 0.16435542994797533,
        "marital.unknown": -0.2160636683156065,
        "loan.no": 0.04664899271070883,
        "loan.unknown": -0.02212774434532903,
        "loan.yes": -0.008361211726576109,
        "default.no": 0.20370565664859888,
        "default.unknown": -0.1786247568116707,
        "default.yes": -0.033867842159287544,
        "housing.no": 0.03689443968216436,
        "housing.unknown": -0.02268665703756339,
        "housing.yes": -0.014759161335487663,
        "poutcome.failure": -0.40841788016252806,
        "poutcome.nonexistent": -0.1405475316929725,
        "poutcome.success": 0.5787760501257253,
        "contact.cellular": 0.3117810865262801,
        "contact.telephone": -0.31976388831392555,
        "age": 0.0013637144059130675,
        "duration": 0.00471580309430729,
        "campaign": -0.0471139770192165,
        "pdays": -0.0009642536827283817,
        "previous": -0.12239239150463582,
        "emp.var.rate": -1.7713398224656207,
        "cons.price.idx": 2.2733601635276757,
        "cons.conf.idx": 0.023881964734361917,
        "euribor3m": 0.3064175661322328,
        "nr.employed": 0.006109351044763464
    },
    "coef_norm": {
        "Intercept": -2.95698144399308,
        "job.admin.": 0.06766307495598559,
        "job.blue-collar": -0.17459726493585595,
        "job.entrepreneur": 0.010502300257853325,
        "job.housemaid": -0.03861251776480746,
        "job.management": 0.043788207865825456,
        "job.retired": 0.32283280186828317,
        "job.self-employed": -0.08980280549944009,
        "job.services": -0.1334230115189897,
        "job.student": 0.1590555754189604,
        "job.technician": 0.04065516479403617,
        "job.unemployed": 0.011823604816264781,
        "job.unknown": -0.22687404734879635,
        "month.apr": -0.265590466069406,
        "month.aug": 0.6471861175880036,
        "month.dec": -0.006801929098540485,
        "month.jul": -0.09456690575068481,
        "month.jun": -0.8126503982287043,
        "month.mar": 1.7926982139992276,
        "month.may": -0.6767772865093279,
        "month.nov": -0.6755106277537659,
        "month.oct": -0.08740730038240635,
        "month.sep": 0.23868288873607785,
        "education.basic.4y": -0.19631100528303216,
        "education.basic.6y": 0.03273647167634346,
        "education.basic.9y": -0.11764157978568367,
        "education.high.school": -0.07365207995412884,
        "education.illiterate": 0.5704994910685255,
        "education.professional.course": -0.060995718310361074,
        "education.university.degree": 0.011641461176910098,
        "education.unknown": -0.03780179967390229,
        "day_of_week.fri": -0.002319520872176096,
        "day_of_week.mon": -0.18954765512287974,
        "day_of_week.thu": 0.057052819966628504,
        "day_of_week.tue": 0.09986895187144007,
        "day_of_week.wed": 0.13379426247937168,
        "marital.divorced": 0.03986390618895211,
        "marital.married": 0.04206145868421066,
        "marital.single": 0.16435542994797533,
        "marital.unknown": -0.2160636683156065,
        "loan.no": 0.04664899271070883,
        "loan.unknown": -0.02212774434532903,
        "loan.yes": -0.008361211726576109,
        "default.no": 0.20370565664859888,
        "default.unknown": -0.1786247568116707,
        "default.yes": -0.033867842159287544,
        "housing.no": 0.03689443968216436,
        "housing.unknown": -0.02268665703756339,
        "housing.yes": -0.014759161335487663,
        "poutcome.failure": -0.40841788016252806,
        "poutcome.nonexistent": -0.1405475316929725,
        "poutcome.success": 0.5787760501257253,
        "contact.cellular": 0.3117810865262801,
        "contact.telephone": -0.31976388831392555,
        "age": 0.014204049815551852,
        "duration": 1.212873258583017,
        "campaign": -0.12885498132511033,
        "pdays": -0.18211726415223872,
        "previous": -0.060891394179262176,
        "emp.var.rate": -2.781678389447199,
        "cons.price.idx": 1.319535512989082,
        "cons.conf.idx": 0.11038033830234394,
        "euribor3m": 0.5313963536687921,
        "nr.employed": 0.44093956457849387
    }
}
