{
    "mse": 0.03617451122796836,
    "rmse": 0.19019598110361943,
    "null_degrees_of_freedom": 8162,
    "residual_degrees_of_freedom": 8157,
    "residual_deviance": 2114.8534446128624,
    "null_deviance": 5504.874570545974,
    "aic": 2126.8534446128624,
    "logloss": 0.12953898349950155,
    "auc": 0.9762606206881415,
    "gini": 0.9525212413762829
}
