{
    "mse": 0.03258773585508149,
    "rmse": 0.1805207352496701,
    "null_degrees_of_freedom": 8418,
    "residual_degrees_of_freedom": 8412,
    "residual_deviance": 2031.2696562169324,
    "null_deviance": 5884.312762751875,
    "aic": 2045.2696562169324,
    "logloss": 0.12063604087284312,
    "auc": 0.9819913361183085,
    "gini": 0.9639826722366169
}
